codi_estacio,nom_estacio,codi_tipus,latitud,longitud,geocoded_column.type,geocoded_column.coordinates,emplacament,altitud,codi_municipi,nom_municipi,codi_comarca,nom_comarca,codi_provincia,nom_provincia,codi_xarxa,nom_xarxa,codi_estat_ema,nom_estat_ema,data_inici,:@computed_region_bh64_c7uy,:@computed_region_wvic_k925,data_fi,
VV,Sant Llorenç Savall,A,41.68129,2.02647,Point,c(2.02647, 41.68129),Masia Can Brossa,528,82233,Sant Llorenç Savall,40,Vallès Occidental,8,Barcelona,1,XEMA,2,Operativa,1998-03-25T00:00:00,628,26,NA
VF,Alcarràs - Torrent d'Alcarràs,A,41.56482,0.54999,Point,c(0.54999, 41.56482),Partida Graminella,122,250117,Alcarràs,33,Segrià,25,Lleida,1,XEMA,1,Desmantellada,1997-09-17T00:00:00,759,21,2013-07-31T00:00:00
UR,Malgrat de Mar - Cooperativa,A,41.64908,2.75209,Point,c(2.75209, 41.64908),"Cooperativa Garbí, camí del Pla, s/n. Apt. correus 80",2,81108,Malgrat de Mar,21,Maresme,8,Barcelona,1,XEMA,1,Desmantellada,1990-01-09T00:00:00,800,25,2005-05-04T00:00:00
W2,Torroella de Fluvià,A,42.18259,3.05783,Point,c(3.05783, 42.18259),Camp de Pla d'Avall - Camp de la Creu,7,171984,Torroella de Fluvià,2,Alt Empordà,17,Girona,1,XEMA,1,Desmantellada,2000-03-14T00:00:00,281,6,2014-04-08T00:00:00
WW,Artés,A,41.79423,1.9368,Point,c(1.9368, 41.79423),Artés,278,80109,Artés,7,Bages,8,Barcelona,1,XEMA,2,Operativa,2006-02-16T00:00:00,766,18,NA
CM,Montmeló,A,41.54911,2.24546,Point,c(2.24546, 41.54911),Torreta de Can Campanyà,75.2,81350,Montmeló,41,Vallès Oriental,8,Barcelona,1,XEMA,1,Desmantellada,1996-01-23T00:00:00,736,22,2006-03-22T00:00:00
CP,Sant Romà d'Abella,A,42.13924,1.03893,Point,c(1.03893, 42.13924),Sant Romà d'Abella - el Tossal,690,251155,Isona i Conca Dellà,25,Pallars Jussà,25,Lleida,1,XEMA,2,Operativa,1996-05-20T00:00:00,110,9,NA
W9,la Vall d'en Bas,A,42.14557,2.45451,Point,c(2.45451, 42.14557),Escola Verntallat,461,172076,La Vall d'en Bas,19,Garrotxa,17,Girona,1,XEMA,2,Operativa,2000-03-16T00:00:00,307,10,NA
WE,Vilanova del Vallès,A,41.5444,2.30014,Point,c(2.30014, 41.5444),Mas Casa Alta,126,89024,Vilanova del Vallès,41,Vallès Oriental,8,Barcelona,1,XEMA,2,Operativa,2000-07-05T00:00:00,702,22,NA
YU,Cantonigròs,A,42.04265,2.40472,Point,c(2.40472, 42.04265),Àrea d'autocaravanes,925,82541,l'Esquirol,24,Osona,8,Barcelona,1,XEMA,2,Operativa,2025-02-18T00:00:00,87,13,NA
DI,Font-rubí,A,41.43292,1.62386,Point,c(1.62386, 41.43292),Masia Ca l'Amàlia - Montjuic,415,80850,Font-rubí,3,Alt Penedès,8,Barcelona,1,XEMA,2,Operativa,1998-07-16T00:00:00,719,32,NA
XL,el Prat de Llobregat,A,41.34045,2.08022,Point,c(2.08022, 41.34045),Camí de la Ribera s/n,8,81691,El Prat de Llobregat,11,Baix Llobregat,8,Barcelona,1,XEMA,2,Operativa,2011-03-22T00:00:00,503,31,NA
CX,Vic - 1,A,41.93582,2.23857,Point,c(2.23857, 41.93582),Estadi d'atletisme,497.8,82981,Vic,24,Osona,8,Barcelona,1,XEMA,1,Desmantellada,1996-01-18T00:00:00,912,13,2003-01-01T00:00:00
X9,Caldes de Montbui,A,41.61265,2.16836,Point,c(2.16836, 41.61265),Torre Marimon,176,80333,Caldes de Montbui,41,Vallès Oriental,8,Barcelona,1,XEMA,2,Operativa,2007-03-08T00:00:00,758,22,NA
UN,Cassà de la Selva,A,41.87449,2.92694,Point,c(2.92694, 41.87449),Finca Mas Bassets,171,170448,Cassà de la Selva,20,Gironès,17,Girona,1,XEMA,2,Operativa,1993-03-08T00:00:00,644,14,NA
DA,Vila-rodona - Escola,A,41.30839,1.3622,Point,c(1.3622, 41.30839),Zona de les Escoles Noves,278,431704,Vila-rodona,1,Alt Camp,43,Tarragona,1,XEMA,1,Desmantellada,1998-01-23T00:00:00,506,30,2005-07-28T00:00:00
Y7,Port de Barcelona - Bocana Sud,A,41.31725,2.16537,Point,c(2.16537, 41.31725),Port de Barcelona,3,81691,El Prat de Llobregat,11,Baix Llobregat,8,Barcelona,1,XEMA,2,Operativa,2015-04-08T00:00:00,503,31,NA
DM,Girona - Bombers,A,41.96012,2.80696,Point,c(2.80696, 41.96012),Parc de Bombers,90,170792,Girona,20,Gironès,17,Girona,1,XEMA,1,Desmantellada,2001-05-10T00:00:00,133,14,2010-09-15T00:00:00
YH,Pujalt,A,41.71734,1.42403,Point,c(1.42403, 41.71734),Observatori de Pujalt,747,81764,Pujalt,6,Anoia,8,Barcelona,1,XEMA,2,Operativa,2018-04-06T00:00:00,902,24,NA
XO,Vic,A,41.93497,2.23987,Point,c(2.23987, 41.93497),Vic,499,82981,Vic,24,Osona,8,Barcelona,1,XEMA,2,Operativa,2011-12-22T00:00:00,912,13,NA
H1,Òdena,A,41.58642,1.65306,Point,c(1.65306, 41.58642),Aeròdrom d'Òdena,333,81430,Òdena,6,Anoia,8,Barcelona,1,XEMA,2,Operativa,1999-05-31T00:00:00,742,24,NA
DF,la Bisbal d'Empordà,A,41.97751,3.03543,Point,c(3.03543, 41.97751),Estació depuradora,28.6,170221,La Bisbal d'Empordà,10,Baix Empordà,17,Girona,1,XEMA,2,Operativa,1998-03-25T00:00:00,28,16,NA
X6,Baldomar,A,41.92173,1.02901,Point,c(1.02901, 41.92173),Baldomar,366,250349,Artesa de Segre,23,Noguera,25,Lleida,1,XEMA,2,Operativa,2006-10-24T00:00:00,152,15,NA
UQ,Dosrius - PN Montnegre Corredor,A,41.61991,2.44532,Point,c(2.44532, 41.61991),Parc Natural del Corredor. Masia Can Bosc,460,80752,Dosrius,21,Maresme,8,Barcelona,1,XEMA,2,Operativa,1996-08-09T00:00:00,477,25,NA
CD,la Seu d'Urgell - Bellestar,A,42.37083,1.43277,Point,c(1.43277, 42.37083),Abocador comarcal,849,252038,La Seu d'Urgell,4,Alt Urgell,25,Lleida,1,XEMA,2,Operativa,1996-01-16T00:00:00,252,5,NA
WQ,Montsec d'Ares (1.572 m),A,42.0513,0.72952,Point,c(0.72952, 42.0513),Serra de la Corona - Centre d'Observació de l'Univers,1572,251961,Sant Esteve de la Sarga,25,Pallars Jussà,25,Lleida,1,XEMA,2,Operativa,2003-06-17T00:00:00,101,15,NA
W5,Oliana,A,42.07683,1.31489,Point,c(1.31489, 42.07683),Partida Esclotes,490,251497,Oliana,4,Alt Urgell,25,Lleida,1,XEMA,2,Operativa,2000-06-22T00:00:00,353,5,NA
WV,Guardiola de Berguedà,A,42.23414,1.87485,Point,c(1.87485, 42.23414),Monestir de Sant Llorenç prop Bagà,788,80996,Guardiola de Berguedà,14,Berguedà,8,Barcelona,1,XEMA,2,Operativa,2005-11-28T00:00:00,181,8,NA
YQ,Port de Barcelona - ZAL Prat,A,41.31928,2.1372,Point,c(2.1372, 41.31928),Port de Barcelona,7,81691,El Prat de Llobregat,11,Baix Llobregat,8,Barcelona,1,XEMA,2,Operativa,2021-12-02T00:00:00,503,31,NA
UO,Fornells de la Selva,A,41.91461,2.82069,Point,c(2.82069, 41.91461),La Torre de Reset,97,170736,Fornells de la Selva,20,Gironès,17,Girona,1,XEMA,2,Operativa,1998-11-10T00:00:00,919,14,NA
DP,Das - Aeròdrom,A,42.38605,1.8664,Point,c(1.8664, 42.38605),Aeròdrom de la Cerdanya,1097,170617,Das,15,Cerdanya,17,Girona,1,XEMA,2,Operativa,2001-05-22T00:00:00,381,4,NA
YN,Vielha - Elipòrt,A,42.69737,0.80198,Point,c(0.80198, 42.69737),Elipòrt de VIelha,1027,252430,Vielha e Mijaran,39,Val d'Aran,25,Lleida,1,XEMA,2,Operativa,2021-03-11T00:00:00,326,1,NA
UJ,Santa Coloma de Queralt,A,41.52879,1.3683,Point,c(1.3683, 41.52879),Partida la Cabana,709,431397,Santa Coloma de Queralt,16,Conca de Barberà,43,Tarragona,1,XEMA,2,Operativa,1996-11-19T00:00:00,661,28,NA
KE,Pantà de Sau,A,41.96867,2.41404,Point,c(2.41404, 41.96867),Central hidroelèctrica de Sau,426,83036,Vilanova de Sau,24,Osona,8,Barcelona,1,XEMA,2,Operativa,1996-01-05T00:00:00,19,13,NA
X2,Barcelona - Zoo,A,41.38943,2.18847,Point,c(2.18847, 41.38943),Zoo,7,80193,Barcelona,13,Barcelonès,8,Barcelona,1,XEMA,1,Desmantellada,2006-09-22T00:00:00,512,29,2024-10-03T00:00:00
Z5,Certascan (2.400 m),A,42.70029,1.27201,Point,c(1.27201, 42.70029),Certascan,2400,251235,Lladorre,26,Pallars Sobirà,25,Lleida,1,XEMA,2,Operativa,2000-11-11T00:00:00,315,2,NA
DE,Botarell,A,41.15404,0.99772,Point,c(0.99772, 41.15404),Planta de compostatge,231,430332,Botarell,8,Baix Camp,43,Tarragona,1,XEMA,1,Desmantellada,1998-01-16T00:00:00,427,39,2007-01-16T00:00:00
MW,Navès,A,42.00707,1.65239,Point,c(1.65239, 42.00707),el Garrigar,545,251462,Navès,35,Solsonès,25,Lleida,1,XEMA,2,Operativa,2010-03-22T00:00:00,67,12,NA
XM,els Alamús,A,41.59522,0.73507,Point,c(0.73507, 41.59522),-,235,250045,Els Alamús,33,Segrià,25,Lleida,1,XEMA,2,Operativa,2011-06-22T00:00:00,860,21,NA
Z9,Cadí Nord (2.143 m) - Prat d'Aguiló,A,42.29265,1.71498,Point,c(1.71498, 42.29265),Cadí Nord - Prat d'Aguiló,2143,251399,Montellà i Martinet,15,Cerdanya,25,Lleida,1,XEMA,2,Operativa,2003-11-06T00:00:00,433,4,NA
XE,Tarragona - Complex Educatiu,A,41.10393,1201,Point,c(1.201, 41.10393),Complex Educatiu,5,431482,Tarragona,36,Tarragonès,43,Tarragona,1,XEMA,2,Operativa,2009-02-05T00:00:00,230,37,NA
C7,Tàrrega,A,41.66695,1.16234,Point,c(1.16234, 41.66695),Abocador comarcal,427,252173,Tàrrega,38,Urgell,25,Lleida,1,XEMA,2,Operativa,1995-11-06T00:00:00,880,17,NA
WJ,el Masroig,A,41.1223,0.72182,Point,c(0.72182, 41.1223),Finca Terranova,141,430825,El Masroig,29,Priorat,43,Tarragona,1,XEMA,2,Operativa,2000-06-20T00:00:00,520,35,NA
VO,Lladurs,A,42.08745,1.42792,Point,c(1.42792, 42.08745),Masia el Pla - Montpol,785,251240,Lladurs,35,Solsonès,25,Lleida,1,XEMA,2,Operativa,1998-05-05T00:00:00,81,12,NA
WH,Bellvís,A,41.67342,0.8129,Point,c(0.8129, 41.67342),"Molí de Balaguer, crta. de Térmens",196,250523,Bellvís,27,Pla d'Urgell,25,Lleida,1,XEMA,1,Desmantellada,1997-09-17T00:00:00,619,23,2004-11-17T00:00:00
YB,Olot,A,42.18813,2.47097,Point,c(2.47097, 42.18813),Pla de Dalt,433,171143,Olot,19,Garrotxa,17,Girona,1,XEMA,2,Operativa,2016-07-21T00:00:00,294,10,NA
VY,Nulles,A,41.25095,1.29863,Point,c(1.29863, 41.25095),Cooperativa agrària,240,430982,Nulles,1,Alt Camp,43,Tarragona,1,XEMA,2,Operativa,2000-09-18T00:00:00,375,30,NA
X4,Barcelona - el Raval,A,41.3839,2.16775,Point,c(2.16775, 41.3839),"Facultat de Geografia i Història. c. Montalegre nº6, 6a",33,80193,Barcelona,13,Barcelonès,8,Barcelona,1,XEMA,2,Operativa,2006-10-11T00:00:00,512,29,NA
WL,Sant Martí de Riucorb,A,41.57236,1.0882,Point,c(1.0882, 41.57236),"Camí de les Comes, pol. 2, parc. 137",413,259025,Sant Martí de Riucorb,38,Urgell,25,Lleida,1,XEMA,2,Operativa,2002-02-05T00:00:00,599,17,NA
X7,Torres de Segre,A,41.51909,0.55314,Point,c(0.55314, 41.51909),Torres de Segre,215,252326,Torres de Segre,33,Segrià,25,Lleida,1,XEMA,2,Operativa,2007-07-02T00:00:00,562,21,NA
Z8,el Port del Comte (2.316 m),A,42.18254,1.52407,Point,c(1.52407, 42.18254),Port del Comte,2316,251636,La Coma i la Pedra,35,Solsonès,25,Lleida,1,XEMA,1,Desmantellada,2002-10-03T00:00:00,277,12,2024-09-17T00:00:00
CY,Muntanyola,A,41.87813,2.17873,Point,c(2.17873, 41.87813),Esglèsia de St. Quirze i Sta. Julita,816,81290,Muntanyola,24,Osona,8,Barcelona,1,XEMA,2,Operativa,1996-01-12T00:00:00,25,13,NA
U3,Sant Martí Sarroca,A,41.37491,1.63032,Point,c(1.63032, 41.37491),Mas Rabell de Fontenac,257,82270,Sant Martí Sarroca,3,Alt Penedès,8,Barcelona,1,XEMA,2,Operativa,1997-05-24T00:00:00,846,32,NA
YD,les Borges Blanques,A,41.51135,0.85617,Point,c(0.85617, 41.51135),Escola Agrària de les Borges Blanques,283,250582,Les Borges Blanques,18,Garrigues,25,Lleida,1,XEMA,2,Operativa,2017-01-25T00:00:00,807,27,NA
MS,Castellar de n'Hug - el Clot del Moro,A,42.25945,1.97609,Point,c(1.97609, 42.25945),Aforament Castellar de n'Hug,945,80522,Castellar de n'Hug,14,Berguedà,8,Barcelona,1,XEMA,2,Operativa,2010-01-26T00:00:00,260,8,NA
V3,Gurb,A,41.95224,2.23271,Point,c(2.23271, 41.95224),Masia Can Borra,509,81000,Gurb,24,Osona,8,Barcelona,1,XEMA,1,Desmantellada,1999-03-31T00:00:00,9,13,2022-11-15T00:00:00
UD,Serra de Daró,A,42.02895,3.06227,Point,c(3.06227, 42.02895),Camí de la Barceloneta - St. Iscle d'Empordà,12,171910,Serra de Daró,10,Baix Empordà,17,Girona,1,XEMA,1,Desmantellada,1999-06-09T00:00:00,123,16,2013-06-01T00:00:00
VM,Vilanova de Segrià,A,41.7145,0.62839,Point,c(0.62839, 41.7145),Partida lo Sort,222,252516,Vilanova de Segrià,33,Segrià,25,Lleida,1,XEMA,2,Operativa,1997-09-17T00:00:00,899,21,NA
CJ,Organyà,A,42.21624,1.33132,Point,c(1.33132, 42.21624),Càmping municipal,566.5,251556,Organyà,4,Alt Urgell,25,Lleida,1,XEMA,2,Operativa,1996-01-16T00:00:00,358,5,NA
WI,Maials,A,41.35741,0.4809,Point,c(0.4809, 41.35741),Paratge d'Argelagar,350,251333,Maials,33,Segrià,25,Lleida,1,XEMA,2,Operativa,2000-12-20T00:00:00,848,21,NA
D6,Portbou,A,42.43515,3.16622,Point,c(3.16622, 42.43515),Punta de l'Aucell  (zona fronterera),196,171387,Portbou,2,Alt Empordà,17,Girona,1,XEMA,2,Operativa,1998-03-25T00:00:00,NA,NA,NA
VT,Cerdanyola del Vallès,A,41.48401,2.12745,Point,c(2.12745, 41.48401),Parc Tecnològic del Vallès. Masia Can Fatjó del Molí,84,82665,Cerdanyola del Vallès,40,Vallès Occidental,8,Barcelona,1,XEMA,1,Desmantellada,1998-05-15T00:00:00,570,26,2014-01-03T00:00:00
U9,l'Aldea,A,40.76947,0.61635,Point,c(0.61635, 40.76947),Barranc del Mas Roig,62,439044,L'Aldea,9,Baix Ebre,43,Tarragona,1,XEMA,2,Operativa,1991-06-03T00:00:00,216,40,NA
VR,Tornabous - Montargull,A,41.68994,1.04401,Point,c(1.04401, 41.68994),Masia Mignot,291,252252,Tornabous,38,Urgell,25,Lleida,1,XEMA,1,Desmantellada,1997-09-17T00:00:00,670,17,2013-08-06T00:00:00
WK,Alfarràs,A,41.81949,0.57768,Point,c(0.57768, 41.81949),"Escola de Capacitació Agrària d'Alfarràs(de 1997 a 2001, és Almenar)",268,250138,Alfarràs,33,Segrià,25,Lleida,1,XEMA,2,Operativa,1997-09-17T00:00:00,724,21,NA
D2,Vacarisses,A,41.59252,1915,Point,c(1.915, 41.59252),Planta potabilitzadora,343,82917,Vacarisses,40,Vallès Occidental,8,Barcelona,1,XEMA,2,Operativa,1996-02-15T00:00:00,861,26,NA
MV,Guixers - Valls,A,42.13598,1.67295,Point,c(1.67295, 42.13598),Cal Teuler,845,251116,Guixers,35,Solsonès,25,Lleida,1,XEMA,2,Operativa,2015-06-17T00:00:00,304,12,NA
CS,Viladrau - centre,A,41.84502,2.3881,Point,c(2.3881, 41.84502),Mas del Torrent,777,172207,Viladrau,24,Osona,17,Girona,1,XEMA,1,Desmantellada,1995-12-05T00:00:00,652,13,2004-06-08T00:00:00
CG,Molló - Fabert,A,42.37717,2.41456,Point,c(2.41456, 42.37717),Veïnat de Fabert,1405,171077,Molló,31,Ripollès,17,Girona,1,XEMA,2,Operativa,1996-06-06T00:00:00,378,7,NA
XJ,Girona,A,41.98223,2.80686,Point,c(2.80686, 41.98223),Horts de Santa Eugènia,72,170792,Girona,20,Gironès,17,Girona,1,XEMA,2,Operativa,2010-09-15T00:00:00,133,14,NA
YP,Palafrugell,A,41.90694,3.16073,Point,c(3.16073, 41.90694),Horts urbans,35,171175,Palafrugell,10,Baix Empordà,17,Girona,1,XEMA,2,Operativa,2021-12-02T00:00:00,588,16,NA
VB,Benissanet,A,41.06289,0.63517,Point,c(0.63517, 41.06289),"Grup Fruiter Benissanet, crta. de Mora, s/n",32,430265,Benissanet,30,Ribera d'Ebre,43,Tarragona,1,XEMA,2,Operativa,1993-07-14T00:00:00,159,36,NA
Z7,Espot (2.519 m),A,42.53412,1.05476,Point,c(1.05476, 42.53412),Espot,2519,250827,Espot,26,Pallars Sobirà,25,Lleida,1,XEMA,2,Operativa,2002-03-01T00:00:00,323,2,NA
XH,Sort,A,42.40533,1.12993,Point,c(1.12993, 42.40533),Escola de Piragüisme,679,252094,Sort,26,Pallars Sobirà,25,Lleida,1,XEMA,2,Operativa,2009-07-31T00:00:00,334,2,NA
CR,la Quar,A,42.08032,1.9624,Point,c(1.9624, 42.08032),Sant Maurici,873,81770,La Quar,14,Berguedà,8,Barcelona,1,XEMA,2,Operativa,1996-03-13T00:00:00,66,8,NA
XK,Puig Sesolles (1.668 m),A,41.77362,2.43774,Point,c(2.43774, 41.77362),Puig Sesolles (Massís del Montseny),1668,80811,Fogars de Montclús,41,Vallès Oriental,8,Barcelona,1,XEMA,2,Operativa,2010-09-22T00:00:00,786,22,NA
Z1,Bonaigua (2.266 m),A,42.64691,0.98486,Point,c(0.98486, 42.64691),Port de la Bonaigua,2266,250241,Alt Àneu,26,Pallars Sobirà,25,Lleida,1,XEMA,2,Operativa,1997-11-06T00:00:00,328,2,NA
XF,Sabadell - Parc Agrari,A,41.56568,2.06952,Point,c(2.06952, 41.56568),Parc Agrari,258,81878,Sabadell,40,Vallès Occidental,8,Barcelona,1,XEMA,2,Operativa,2008-10-23T00:00:00,660,26,NA
YF,Miami Platja,A,41.02066,0.9345,Point,c(0.9345, 41.02066),Plana dels Penyals,43,430923,Mont-roig del Camp,8,Baix Camp,43,Tarragona,1,XEMA,2,Operativa,2017-12-20T00:00:00,155,39,NA
XG,Parets del Vallès,A,41.56734,2.22619,Point,c(2.22619, 41.56734),CEIP Pau Vila,123,81593,Parets del Vallès,41,Vallès Oriental,8,Barcelona,1,XEMA,2,Operativa,2008-10-30T00:00:00,695,22,NA
UA,l'Ametlla de Mar,A,40.9091,0.76943,Point,c(0.76943, 40.9091),Caseta d'en Butxaca,93,430136,L'Ametlla de Mar,9,Baix Ebre,43,Tarragona,1,XEMA,2,Operativa,1995-08-29T00:00:00,206,40,NA
VS,Lac Redon (2.247 m),A,42.63835,0.77889,Point,c(0.77889, 42.63835),Lac Redon - Tuc deth Pòrt de Vielha,2247,252430,Vielha e Mijaran,39,Val d'Aran,25,Lleida,1,XEMA,2,Operativa,1999-07-15T00:00:00,326,1,NA
M6,Sant Joan de les Abadesses,A,42.22189,2.2427,Point,c(2.2427, 42.22189),Agrupació Esportiva del Ripollès,730,171674,Sant Joan de les Abadesses,31,Ripollès,17,Girona,1,XEMA,2,Operativa,1996-01-13T00:00:00,257,7,NA
Z4,Ulldeter (2.364 m),A,42.42205,2.2524,Point,c(2.2524, 42.42205),Ulldeter,2364,171925,Setcases,31,Ripollès,17,Girona,1,XEMA,1,Desmantellada,2000-11-08T00:00:00,393,7,2011-09-20T00:00:00
D7,Vinebre,A,41.18499,0.59376,Point,c(0.59376, 41.18499),Partida de Mallols,53,431779,Vinebre,30,Ribera d'Ebre,43,Tarragona,1,XEMA,2,Operativa,1998-01-22T00:00:00,443,36,NA
VU,Rellinars,A,41.63286,1.91718,Point,c(1.91718, 41.63286),Puig de la Ballesta,421,81799,Rellinars,40,Vallès Occidental,8,Barcelona,1,XEMA,2,Operativa,1998-02-18T00:00:00,744,26,NA
WX,Camarasa,A,41.9178,0.88175,Point,c(0.88175, 41.9178),Camarasa,668,250621,Camarasa,23,Noguera,25,Lleida,1,XEMA,2,Operativa,2006-03-07T00:00:00,113,15,NA
XC,Castellbisbal,A,41.47892,1.97546,Point,c(1.97546, 41.47892),Turó de la Verdalaga,147,80543,Castellbisbal,40,Vallès Occidental,8,Barcelona,1,XEMA,2,Operativa,2008-03-18T00:00:00,946,26,NA
DN,Anglès,A,41.96095,2.63108,Point,c(2.63108, 41.96095),Poliesportiu municipal,150,170084,Anglès,34,Selva,17,Girona,1,XEMA,2,Operativa,2001-05-10T00:00:00,896,20,NA
XP,Gandesa,A,41.06564,0.43006,Point,c(0.43006, 41.06564),IRTA UETA Gandesa,351,430640,Gandesa,37,Terra Alta,43,Tarragona,1,XEMA,2,Operativa,2011-11-30T00:00:00,205,38,NA
WM,Santuari de Queralt,A,42.10736,1.8267,Point,c(1.8267, 42.10736),Santuari de la Mare de Déu de Queralt,1167,80229,Berga,14,Berguedà,8,Barcelona,1,XEMA,2,Operativa,2002-01-23T00:00:00,73,8,NA
CN,Guardiola de Berguedà - Escola,A,42.22903,1.87672,Point,c(1.87672, 42.22903),Centre d'Assistència Primària,719.8,80996,Guardiola de Berguedà,14,Berguedà,8,Barcelona,1,XEMA,1,Desmantellada,1996-02-20T00:00:00,181,8,2005-03-21T00:00:00
WO,la Bisbal del Penedès,A,41.27151,1.46717,Point,c(1.46717, 41.27151),Fondo de Cal Sumoi,185,430287,La Bisbal del Penedès,12,Baix Penedès,43,Tarragona,1,XEMA,2,Operativa,2002-05-16T00:00:00,253,33,NA
VQ,Constantí,A,41.1713,1.16774,Point,c(1.16774, 41.1713),IRTA - Centre de Mas Bové. Apt. correus 415,112,430477,Constantí,36,Tarragonès,43,Tarragona,1,XEMA,2,Operativa,1990-05-29T00:00:00,420,37,NA
XT,Solsona,A,41.98766,1.51165,Point,c(1.51165, 41.98766),Magatzem Municipal,691,252075,Solsona,35,Solsonès,25,Lleida,1,XEMA,2,Operativa,2012-07-12T00:00:00,132,12,NA
XW,Lleida - la Bordeta,A,41.59822,0.64855,Point,c(0.64855, 41.59822),Torre de Vallverdú,165,251207,Lleida,33,Segrià,25,Lleida,1,XEMA,1,Desmantellada,2013-07-24T00:00:00,875,21,2018-10-17T00:00:00
UH,el Montmell,A,41.34171,1.48769,Point,c(1.48769, 41.34171),Finca Vallflor - Aigua Viva,545,430901,El Montmell,12,Baix Penedès,43,Tarragona,1,XEMA,2,Operativa,1995-07-13T00:00:00,835,33,NA
W6,Riudoms,A,41.13738,1.0187,Point,c(1.0187, 41.13738),Mas d'en Domènec,158,431299,Riudoms,8,Baix Camp,43,Tarragona,1,XEMA,1,Desmantellada,1999-10-19T00:00:00,427,39,2019-02-06T00:00:00
VW,Caldes de Montbui - Torre Marimon,A,41.61235,2.17099,Point,c(2.17099, 41.61235),Finca Torre Marimon,164.5,80333,Caldes de Montbui,41,Vallès Oriental,8,Barcelona,1,XEMA,1,Desmantellada,1990-12-23T00:00:00,758,22,2007-03-08T00:00:00
D4,Roses,A,42.27068,3.18147,Point,c(3.18147, 42.27068),Poliesportiu Municipal,24,171523,Roses,2,Alt Empordà,17,Girona,1,XEMA,2,Operativa,1996-02-07T00:00:00,363,6,NA
WP,Canaletes,A,41.48518,1.69337,Point,c(1.69337, 41.48518),Camp del Roure - Can Feixes,325,81228,Mediona,3,Alt Penedès,8,Barcelona,1,XEMA,2,Operativa,2002-05-17T00:00:00,945,24,NA
XZ,Torroella de Fluvià,A,42.18139,3.06202,Point,c(3.06202, 42.18139),NA,7,171984,Torroella de Fluvià,2,Alt Empordà,17,Girona,1,XEMA,2,Operativa,2014-04-08T00:00:00,281,6,NA
U4,Castellnou de Bages,A,41.83094,1.84699,Point,c(1.84699, 41.83094),Masia Can Vilaseca,507,80620,Castellnou de Bages,7,Bages,8,Barcelona,1,XEMA,2,Operativa,1998-01-22T00:00:00,655,18,NA
KP,Fogars de la Selva,A,41.73894,2.69436,Point,c(2.69436, 41.73894),Can Simó,36,80826,Fogars de la Selva,34,Selva,8,Barcelona,1,XEMA,2,Operativa,1996-01-05T00:00:00,901,20,NA
XU,Canyelles,A,41.28801,1.72195,Point,c(1.72195, 41.28801),Cementiri,148,80431,Canyelles,17,Garraf,8,Barcelona,1,XEMA,2,Operativa,2013-07-16T00:00:00,538,34,NA
UX,Ulldecona - els Valentins,A,40.62652,0.37112,Point,c(0.37112, 40.62652),Comunitat de regants del Pou Valentins,210,431567,Ulldecona,22,Montsià,43,Tarragona,1,XEMA,2,Operativa,1990-11-15T00:00:00,225,41,NA
U6,Vinyols i els Arcs - Cambrils,A,41.08017,1.06661,Point,c(1.06661, 41.08017),Casa Sant Josep - Escola la Salle,29,431785,Vinyols i els Arcs,8,Baix Camp,43,Tarragona,1,XEMA,2,Operativa,1989-05-17T00:00:00,185,39,NA
Y9,Port de Barcelona - ZAL Prat (ca l'Arana),A,41.31723,2.13091,Point,c(2.13091, 41.31723),Port de Barcelona,4,81691,El Prat de Llobregat,11,Baix Llobregat,8,Barcelona,1,XEMA,1,Desmantellada,2015-06-26T00:00:00,503,31,2021-11-30T00:00:00
CE,els Hostalets de Pierola,A,41.53109,1.80813,Point,c(1.80813, 41.53109),Abocador de residus,316,81629,Els Hostalets de Pierola,6,Anoia,8,Barcelona,1,XEMA,2,Operativa,1996-03-31T00:00:00,700,24,NA
UV,Mas de Barberans - Mitanplana,A,40.71727,0.41633,Point,c(0.41633, 40.71727),Finca del Sifonero,205,430770,Mas de Barberans,22,Montsià,43,Tarragona,1,XEMA,1,Desmantellada,1992-11-17T00:00:00,219,41,2011-01-03T00:00:00
VP,Pinós,A,41.80483,1.53853,Point,c(1.53853, 41.80483),Masia Can Caselles,659,251673,Pinós,35,Solsonès,25,Lleida,1,XEMA,2,Operativa,1995-07-03T00:00:00,587,12,NA
X5,PN dels Ports,A,40.79705,0.31822,Point,c(0.31822, 40.79705),Montpublic 21 sector Cova Avellanes,1055,431331,Roquetes,9,Baix Ebre,43,Tarragona,1,XEMA,2,Operativa,2007-01-04T00:00:00,210,40,NA
X1,Falset,A,41.15374,0.81953,Point,c(0.81953, 41.15374),Abocador comarcal. Crta de Porrera,359,430555,Falset,29,Priorat,43,Tarragona,1,XEMA,2,Operativa,2006-12-20T00:00:00,414,35,NA
XY,Alcarràs,A,41.56509,0.55027,Point,c(0.55027, 41.56509),Central del revés,122,250117,Alcarràs,33,Segrià,25,Lleida,1,XEMA,2,Operativa,2013-07-31T00:00:00,759,21,NA
KX,la Roca del Vallès - ETAP Cardedeu,A,41.61865,2.36114,Point,c(2.36114, 41.61865),Planta tractament d'Aigües Ter - Llobregat,156,81810,La Roca del Vallès,41,Vallès Oriental,8,Barcelona,1,XEMA,2,Operativa,1996-01-05T00:00:00,939,22,NA
U1,Cabanes - Mas de la Rajoleria,A,42.30648,2.95481,Point,c(2.95481, 42.30648),"Mas St. Feliu, S.A., camí de St. Feli, s/n",31,170307,Cabanes,2,Alt Empordà,17,Girona,1,XEMA,1,Desmantellada,1991-06-11T00:00:00,248,6,2024-05-10T00:00:00
CB,les Llosses,A,42.15085,2.19914,Point,c(2.19914, 42.15085),Abocador comarcal,700,170963,Les Llosses,31,Ripollès,17,Girona,1,XEMA,1,Desmantellada,1995-11-30T00:00:00,65,7,2003-06-02T00:00:00
DG,Núria (1.971 m),A,42.39848,2.15517,Point,c(2.15517, 42.39848),Santuari de Núria,1971.4,170433,Queralbs,31,Ripollès,17,Girona,1,XEMA,2,Operativa,1998-05-15T00:00:00,402,7,NA
VX,Tagamanent - PN del Montseny,A,41.74761,2.30291,Point,c(2.30291, 41.74761),Can Bellver - Serrat de Bellver. Parc Natural del Montseny,1030,82763,Tagamanent,41,Vallès Oriental,8,Barcelona,1,XEMA,2,Operativa,1996-01-04T00:00:00,818,22,NA
C6,Castellnou de Seana,A,41.6566,0.95172,Point,c(0.95172, 41.6566),Abocador comarcal,264,250680,Castellnou de Seana,27,Pla d'Urgell,25,Lleida,1,XEMA,2,Operativa,1995-12-16T00:00:00,754,23,NA
D3,Vallirana,A,41.38197,1.93564,Point,c(1.93564, 41.38197),C. Arquitecte Baldric,252,82956,Vallirana,11,Baix Llobregat,8,Barcelona,1,XEMA,2,Operativa,1995-10-28T00:00:00,813,31,NA
W4,Vilafranca del Penedès - la Granada,A,41.36619,1.72857,Point,c(1.72857, 41.36619),Rasa de Sagols,240,83054,Vilafranca del Penedès,3,Alt Penedès,8,Barcelona,1,XEMA,2,Operativa,1999-12-25T00:00:00,940,32,NA
Z6,Sasseuva (2.228 m),A,42.77011,0.73198,Point,c(0.73198, 42.77011),Sasseuva,2228,250313,Arres,39,Val d'Aran,25,Lleida,1,XEMA,2,Operativa,2001-09-20T00:00:00,310,1,NA
WZ,Cunit,A,41.20187,1.63346,Point,c(1.63346, 41.20187),-,17,430516,Cunit,12,Baix Penedès,43,Tarragona,1,XEMA,2,Operativa,2006-06-27T00:00:00,425,33,NA
CI,Sant Pau de Segúries,A,42.25839,2.36429,Point,c(2.36429, 42.25839),Estació meteorològica municipal,852,171772,Sant Pau de Segúries,31,Ripollès,17,Girona,1,XEMA,2,Operativa,1995-11-24T00:00:00,264,7,NA
V6,Viladrau - Aigües de Viladrau,A,41.84256,2.42636,Point,c(2.42636, 41.84256),"Camí vell de Viladrau, s/n",871,170097,Arbúcies,34,Selva,17,Girona,1,XEMA,1,Desmantellada,1995-10-03T00:00:00,730,20,2005-03-29T00:00:00
UY,Os de Balaguer - el Monestir d'Avellanes,A,41.87912,0.76103,Point,c(0.76103, 41.87912),Quatre Vents - Monestir de les Avellanes,576,251569,Os de Balaguer,23,Noguera,25,Lleida,1,XEMA,2,Operativa,1995-07-07T00:00:00,725,15,NA
WR,Torroja del Priorat,A,41.2163,0.79748,Point,c(0.79748, 41.2163),"Ref.cadastral: Pol. 3, parc. 38",300,431541,Torroja del Priorat,29,Priorat,43,Tarragona,1,XEMA,2,Operativa,2003-11-27T00:00:00,521,35,NA
UU,Amposta,A,40.70776,0.6321,Point,c(0.6321, 40.70776),"IRTA - Estació Exp. Ebre, ctra. de Balada, s/n",3,430141,Amposta,22,Montsià,43,Tarragona,1,XEMA,2,Operativa,1992-02-06T00:00:00,227,41,NA
DH,Badalona - Mas Ram,A,41.47638,2.25213,Point,c(2.25213, 41.47638),Urb. Mas Ram - Escola Pere Vergès,126,80155,Badalona,13,Barcelonès,8,Barcelona,1,XEMA,1,Desmantellada,1998-03-23T00:00:00,531,29,2005-09-08T00:00:00
W1,Castelló d'Empúries,A,42.24726,3.09021,Point,c(3.09021, 42.24726),Can Garriga - Mas Bellesguard,2,170470,Castelló d'Empúries,2,Alt Empordà,17,Girona,1,XEMA,2,Operativa,2000-03-14T00:00:00,266,6,NA
WG,Algerri,A,41.80104,0.64804,Point,c(0.64804, 41.80104),"Comunitat de regants d'Algerri, ctra. d'Albesa, s/n",301,250156,Algerri,23,Noguera,25,Lleida,1,XEMA,2,Operativa,2000-12-13T00:00:00,645,15,NA
Y5,Navata,A,42.22793,2.86295,Point,c(2.86295, 42.22793),Can Tries,152,171117,Navata,2,Alt Empordà,17,Girona,1,XEMA,2,Operativa,2014-08-26T00:00:00,359,6,NA
UK,Sant Pere de Ribes - PN del Garraf,A,41.27861,1.80479,Point,c(1.80479, 41.27861),Granja escola Can Pere,161,82310,Sant Pere de Ribes,17,Garraf,8,Barcelona,1,XEMA,2,Operativa,1999-05-11T00:00:00,541,34,NA
CV,la Pobla de Segur - Bombers,A,42.23939,0.96434,Point,c(0.96434, 42.23939),Parc de Bombers,513.3,251713,La Pobla de Segur,25,Pallars Jussà,25,Lleida,1,XEMA,1,Desmantellada,1995-12-22T00:00:00,249,9,2016-11-18T00:00:00
WN,Montserrat - Sant Dimes,A,41.59539,1.83751,Point,c(1.83751, 41.59539),Ermita de Sant Dimes,916,81271,Monistrol de Montserrat,7,Bages,8,Barcelona,1,XEMA,2,Operativa,2003-01-02T00:00:00,478,18,NA
YM,Granollers,A,41.60922,2.29841,Point,c(2.29841, 41.60922),Parc del Puig de les Tres Torres,210,80961,Granollers,41,Vallès Oriental,8,Barcelona,1,XEMA,2,Operativa,2019-09-17T00:00:00,560,22,NA
VJ,Lleida - Pla de Lleida,A,41.59957,0.6478,Point,c(0.6478, 41.59957),"C. Pla de Lleida, 10 - Bordeta",161,251207,Lleida,33,Segrià,25,Lleida,1,XEMA,1,Desmantellada,1997-09-16T00:00:00,875,21,2013-07-24T00:00:00
CU,Vielha,A,42.69856,0.79397,Point,c(0.79397, 42.69856),Prat de Tixineret,1002,252430,Vielha e Mijaran,39,Val d'Aran,25,Lleida,1,XEMA,1,Desmantellada,1996-02-15T00:00:00,326,1,2022-06-01T00:00:00
WT,Malgrat de Mar,A,41.64707,2.75658,Point,c(2.75658, 41.64707),Camí de la Pomereda,2,81108,Malgrat de Mar,21,Maresme,8,Barcelona,1,XEMA,2,Operativa,2005-05-04T00:00:00,800,25,NA
WD,Batea,A,41.08671,0.31884,Point,c(0.31884, 41.08671),Clos Cóssos,382,430228,Batea,37,Terra Alta,43,Tarragona,1,XEMA,2,Operativa,1999-12-23T00:00:00,426,38,NA
WF,Vilablareix,A,41.95425,2.77578,Point,c(2.77578, 41.95425),Mas Saüch,108,172155,Vilablareix,20,Gironès,17,Girona,1,XEMA,1,Desmantellada,2001-04-11T00:00:00,894,14,2015-10-01T00:00:00
YS,Cabanes,A,42.32038,2.956401,Point,c(2.956401, 42.32038),Futura deixalleria,33,170307,Cabanes,2,Alt Empordà,17,Girona,1,XEMA,2,Operativa,2024-05-13T00:00:00,248,6,NA
ZD,la Tosa d'Alp (2.478 m),A,42.32211,1.89716,Point,c(1.89716, 42.32211),Tosa d'Alp,2478,170062,Alp,15,Cerdanya,17,Girona,1,XEMA,2,Operativa,2014-09-04T00:00:00,251,8,NA
VE,Aitona,A,41.48692,0.46058,Point,c(0.46058, 41.48692),Camí del canal de Seròs,97,250387,Aitona,33,Segrià,25,Lleida,1,XEMA,1,Desmantellada,1998-03-12T00:00:00,696,21,2022-04-12T00:00:00
UW,els Alfacs,A,40.62725,0.65922,Point,c(0.65922, 40.62725),"IRTA Centre d'Aqüicultura, crta. Poble Nou del Delta, km 5,5",0,431362,La Ràpita,22,Montsià,43,Tarragona,1,XEMA,2,Operativa,1994-07-06T00:00:00,229,41,NA
VI,Lleida,A,41.62918,0.59622,Point,c(0.59622, 41.62918),Av. Alcalde Rovira Roure,190,251207,Lleida,33,Segrià,25,Lleida,1,XEMA,1,Desmantellada,1990-03-30T00:00:00,875,21,2000-06-15T00:00:00
C9,Mas de Barberans,A,40.71825,0.39988,Point,c(0.39988, 40.71825),Abocador comarcal,240,430770,Mas de Barberans,22,Montsià,43,Tarragona,1,XEMA,2,Operativa,1997-04-11T00:00:00,219,41,NA
R1,el Pont de Vilomara,A,41.70637,1.87276,Point,c(1.87276, 41.70637),Planta de reciclatge de piles i fluorescents,210,81825,El Pont de Vilomara i Rocafort,7,Bages,8,Barcelona,1,XEMA,1,Desmantellada,2000-03-02T00:00:00,613,18,2019-11-01T00:00:00
U2,Sant Pere Pescador,A,42.17716,3.0968,Point,c(3.0968, 42.17716),"Mas Blanc, Mas Fages 17",4,171788,Sant Pere Pescador,2,Alt Empordà,17,Girona,1,XEMA,2,Operativa,1989-05-01T00:00:00,278,6,NA
VZ,Espolla,A,42.38443,3.00736,Point,c(3.00736, 42.38443),"Llaurants. Ref. Cadastral: Pol. 5, parc.195",83,170643,Espolla,2,Alt Empordà,17,Girona,1,XEMA,2,Operativa,2000-06-07T00:00:00,346,6,NA
WC,Golmés,A,41.63642,0.92446,Point,c(0.92446, 41.63642),Partida Fogones,261,250997,Golmés,27,Pla d'Urgell,25,Lleida,1,XEMA,2,Operativa,2000-08-08T00:00:00,798,23,NA
CK,Santa Coloma de Farners,A,41.86472,2.66451,Point,c(2.66451, 41.86472),Dipòsit d'aigua,163,171805,Santa Coloma de Farners,34,Selva,17,Girona,1,XEMA,1,Desmantellada,1996-02-05T00:00:00,634,20,2004-06-08T00:00:00
WA,Oliola,A,41.87694,1.1541,Point,c(1.1541, 41.87694),Partida l'Era,443,251500,Oliola,23,Noguera,25,Lleida,1,XEMA,2,Operativa,2001-03-26T00:00:00,913,15,NA
YC,la Pobla de Segur,A,42.24388,0.96802,Point,c(0.96802, 42.24388),Horta de les Feixes,508,251713,La Pobla de Segur,25,Pallars Jussà,25,Lleida,1,XEMA,2,Operativa,2016-11-18T00:00:00,249,9,NA
YG,Tírvia,A,42.51881,1.24244,Point,c(1.24244, 42.51881),Heliport de Tírvia,954,252213,Tírvia,26,Pallars Sobirà,25,Lleida,1,XEMA,2,Operativa,2018-01-11T00:00:00,335,2,NA
WB,Albesa,A,41.76036,0.67022,Point,c(0.67022, 41.76036),"Partida l'Eral, camí del Torricó",267,250083,Albesa,23,Noguera,25,Lleida,1,XEMA,2,Operativa,1999-06-21T00:00:00,768,15,NA
YO,Sant Sadurní d'Anoia,A,41.43531,1.79324,Point,c(1.79324, 41.43531),Camp de civada entre vinyes,155,82401,Sant Sadurní d'Anoia,3,Alt Penedès,8,Barcelona,1,XEMA,2,Operativa,2021-05-07T00:00:00,918,32,NA
AN,Barcelona - Av. Lluís Companys,A,41.39004,2.18091,Point,c(2.18091, 41.39004),Av. Lluís Companys (Ciutadella),7.5,80193,Barcelona,13,Barcelonès,8,Barcelona,1,XEMA,1,Desmantellada,1992-05-11T00:00:00,512,29,2002-10-29T00:00:00
VK,Raimat,A,41.68328,0.4487,Point,c(0.4487, 41.68328),Finca Montserrat - Raimat,286,251207,Lleida,33,Segrià,25,Lleida,1,XEMA,2,Operativa,1988-08-31T00:00:00,875,21,NA
VH,Gimenells,A,41.65814,0.39301,Point,c(0.39301, 41.65814),IRTA - Estació de Gimenells,259,259123,Gimenells i el Pla de la Font,33,Segrià,25,Lleida,1,XEMA,2,Operativa,1996-12-10T00:00:00,553,21,NA
W8,Blancafort,A,41.44237,1.15998,Point,c(1.15998, 41.44237),"Cooperativa vinícola, pl.del Sindicat",438,430290,Blancafort,16,Conca de Barberà,43,Tarragona,1,XEMA,2,Operativa,2000-01-18T00:00:00,581,28,NA
UC,Monells,A,41.97726,2.99705,Point,c(2.99705, 41.97726),Finca Camps i Armet - Escola Capacitació Agrària,60,179011,"Cruïlles, Monells i Sant Sadurní de l'Heura",10,Baix Empordà,17,Girona,1,XEMA,1,Desmantellada,1998-03-04T00:00:00,29,16,2021-06-15T00:00:00
DC,Olot - Pla de Baix,A,42.19144,2.48263,Point,c(2.48263, 42.19144),Heliport Mossos d'Esquadra,421.5,171143,Olot,19,Garrotxa,17,Girona,1,XEMA,1,Desmantellada,1998-04-24T00:00:00,294,10,2016-07-21T00:00:00
UL,Castelldans,A,41.52911,0.75303,Point,c(0.75303, 41.52911),"Mas de St. Jaume, crta. de Castelldans a Puigvert",228,250674,Castelldans,18,Garrigues,25,Lleida,1,XEMA,1,Desmantellada,1997-09-16T00:00:00,692,27,2017-02-21T00:00:00
UT,Port de les Cases d'Alcanar,A,40.55219,0.53252,Point,c(0.53252, 40.55219),Port de les Cases d'Alcanar,3,430043,Alcanar,22,Montsià,43,Tarragona,1,XEMA,1,Desmantellada,1993-08-31T00:00:00,228,41,2001-11-11T00:00:00
UF,PN del Garraf - el Rascler,A,41.28832,1.90775,Point,c(1.90775, 41.28832),El Rascler - Centre de Repetidors Aeroport. Parc Natural del Garraf,573,80207,Begues,11,Baix Llobregat,8,Barcelona,1,XEMA,2,Operativa,1996-02-29T00:00:00,491,31,NA
V5,Perafita,A,42.03947,2.11993,Point,c(2.11993, 42.03947),Finca la Tria,774,81607,Perafita,43,Lluçanès,8,Barcelona,1,XEMA,2,Operativa,1995-07-03T00:00:00,145,13,NA
YL,Riudecanyes,A,41.1227,0.96951,Point,c(0.96951, 41.1227),els Gorgs,170,431270,Riudecanyes,8,Baix Camp,43,Tarragona,1,XEMA,2,Operativa,2019-02-06T00:00:00,942,39,NA
C8,Cervera,A,41.67555,1.29609,Point,c(1.29609, 41.67555),Abocador comarcal,554,250729,Cervera,32,Segarra,25,Lleida,1,XEMA,2,Operativa,1995-10-27T00:00:00,900,19,NA
VC,Pantà de Riba-roja,A,41.24415,0.43266,Point,c(0.43266, 41.24415),Presa de Riba-roja,69,431251,Riba-roja d'Ebre,30,Ribera d'Ebre,43,Tarragona,1,XEMA,2,Operativa,1996-11-18T00:00:00,497,36,NA
XB,la Llacuna,A,41.4779,1.53529,Point,c(1.53529, 41.4779),Cal Mateu,584,81043,La Llacuna,6,Anoia,8,Barcelona,1,XEMA,2,Operativa,2008-03-19T00:00:00,938,24,NA
YJ,Lleida - la Femosa,A,41.58449,0.64217,Point,c(0.64217, 41.58449),la Gabarrera,170,251207,Lleida,33,Segrià,25,Lleida,1,XEMA,2,Operativa,2018-08-21T00:00:00,875,21,NA
D5,Barcelona - Observatori Fabra,A,41.41864,2.12379,Point,c(2.12379, 41.41864),Observatori Fabra,411,80193,Barcelona,13,Barcelonès,8,Barcelona,1,XEMA,2,Operativa,1995-11-03T00:00:00,512,29,NA
DD,Vilassar de Mar,A,41.51175,2.38674,Point,c(2.38674, 41.51175),"Soc.Civil d'Aigües ""La Mina Vella""",44.5,82191,Vilassar de Mar,21,Maresme,8,Barcelona,1,XEMA,1,Desmantellada,1998-05-04T00:00:00,522,25,2015-01-16T00:00:00
X3,Alguaire,A,41.74281,0.5358,Point,c(0.5358, 41.74281),Aeròdrom,370,250169,Alguaire,33,Segrià,25,Lleida,1,XEMA,2,Operativa,2006-06-02T00:00:00,789,21,NA
WY,Sant Sadurní d'Anoia - el Clot de les Comes,A,41.43386,1.79429,Point,c(1.79429, 41.43386),-,164,82401,Sant Sadurní d'Anoia,3,Alt Penedès,8,Barcelona,1,XEMA,1,Desmantellada,2006-04-11T00:00:00,918,32,2021-05-07T00:00:00
ZE,el Port del Comte (2.290 m),A,42.19088,1.53207,Point,c(1.53207, 42.19088),Port del Comte - Estivella,2290,251636,La Coma i la Pedra,35,Solsonès,25,Lleida,1,XEMA,2,Operativa,2023-09-21T00:00:00,277,12,NA
ZC,Ulldeter (2.410 m),A,42.42102,2.24593,Point,c(2.24593, 42.42102),Ulldeter,2410,171925,Setcases,31,Ripollès,17,Girona,1,XEMA,2,Operativa,2011-09-28T00:00:00,393,7,NA
CT,el Pont de Suert,A,42.39811,0.74362,Point,c(0.74362, 42.39811),Depuradora municipal,823,251734,El Pont de Suert,5,Alta Ribagorça,25,Lleida,1,XEMA,2,Operativa,1996-02-14T00:00:00,300,3,NA
UE,Torroella de Montgrí,A,42.02306,3.15719,Point,c(3.15719, 42.02306),la Feixa Gata,4,171997,Torroella de Montgrí,10,Baix Empordà,17,Girona,1,XEMA,2,Operativa,1999-06-09T00:00:00,153,16,NA
CH,Falset - Escola,A,41.15076,0.82357,Point,c(0.82357, 41.15076),Col·legi Públic Antoni Vilanova,350,430555,Falset,29,Priorat,43,Tarragona,1,XEMA,1,Desmantellada,1995-12-01T00:00:00,414,35,2005-07-05T00:00:00
XX,Anglesola - Tornabous,A,41.68835,1.04476,Point,c(1.04476, 41.68835),Masia Mingot,291,252252,Tornabous,38,Urgell,25,Lleida,1,XEMA,2,Operativa,2013-08-06T00:00:00,670,17,NA
XA,la Panadella,A,41.60257,1.4007,Point,c(1.4007, 41.60257),La Creu del Vent,785,81332,Montmaneu,6,Anoia,8,Barcelona,1,XEMA,2,Operativa,2008-12-18T00:00:00,903,24,NA
XD,Ulldemolins,A,41.32,0.8857,Point,c(0.8857, 41.32),Pigrossos,687,431573,Ulldemolins,29,Priorat,43,Tarragona,1,XEMA,2,Operativa,2008-04-17T00:00:00,668,35,NA
V7,Embassament de Sau,A,41.97554,2.39837,Point,c(2.39837, 41.97554),Embassament de Sau. Club Nàutic.,435,83036,Vilanova de Sau,24,Osona,8,Barcelona,1,XEMA,1,Desmantellada,1997-05-20T00:00:00,19,13,2006-05-02T00:00:00
UP,Cabrils,A,41.51773,2.37702,Point,c(2.37702, 41.51773),"IRTA Cabrils, crta. de Vilassar a Cabrils, s/n",81,80305,Cabrils,21,Maresme,8,Barcelona,1,XEMA,2,Operativa,1995-11-27T00:00:00,712,25,NA
V4,Montesquiu,A,42.11477,2.21483,Point,c(2.21483, 42.11477),Castell de Montesquiu,684,81311,Montesquiu,24,Osona,8,Barcelona,1,XEMA,2,Operativa,1998-12-02T00:00:00,68,13,NA
CQ,Vilanova de Meià,A,41.99546,1.02569,Point,c(1.02569, 41.99546),Camp de fútbol,594,252509,Vilanova de Meià,23,Noguera,25,Lleida,1,XEMA,2,Operativa,1996-04-01T00:00:00,122,15,NA
YK,Terrassa,A,41.55361,1.99005,Point,c(1.99005, 41.55361),Can Poal,313,82798,Terrassa,40,Vallès Occidental,8,Barcelona,1,XEMA,2,Operativa,2018-12-20T00:00:00,862,26,NA
CO,Torres de Segre - Depuradora,A,41.52603,0.52711,Point,c(0.52711, 41.52603),Depuradora municipal,143.6,252326,Torres de Segre,33,Segrià,25,Lleida,1,XEMA,1,Desmantellada,1995-11-23T00:00:00,562,21,2006-05-25T00:00:00
XQ,Tremp,A,42.16252,0.88814,Point,c(0.88814, 42.16252),Conillera de Joncar,473,252347,Tremp,25,Pallars Jussà,25,Lleida,1,XEMA,2,Operativa,2012-10-22T00:00:00,305,9,NA
XS,Santa Coloma de Farners,A,41.86489,2.66446,Point,c(2.66446, 41.86489),Dipòsit d'aigua,162,171805,Santa Coloma de Farners,34,Selva,17,Girona,1,XEMA,2,Operativa,2013-03-26T00:00:00,634,20,NA
UB,la Tallada d'Empordà,A,42.05398,3.06195,Point,c(3.06195, 42.05398),Findació Mas Badia - Canet de la Tallada,15,171959,La Tallada d'Empordà,10,Baix Empordà,17,Girona,1,XEMA,2,Operativa,1989-05-01T00:00:00,91,16,NA
VN,Vilobí d'Onyar,A,41.88244,2.74262,Point,c(2.74262, 41.88244),Camps de Can Salvà,117,172333,Vilobí d'Onyar,34,Selva,17,Girona,1,XEMA,1,Desmantellada,1998-11-10T00:00:00,584,20,2024-09-10T00:00:00
V1,Vallfogona de Balaguer,A,41.78487,0.82939,Point,c(0.82939, 41.78487),Escola de Cap. Agrària - Finca l'Empalme,238,252402,Vallfogona de Balaguer,23,Noguera,25,Lleida,1,XEMA,2,Operativa,1990-10-17T00:00:00,767,15,NA
X8,Barcelona - Zona Universitària,A,41.37919,2.1054,Point,c(2.1054, 41.37919),Pistes UB,79,80193,Barcelona,13,Barcelonès,8,Barcelona,1,XEMA,2,Operativa,2008-04-17T00:00:00,117,29,NA
CL,Sant Salvador de Guardiola,A,41.67399,1.76796,Point,c(1.76796, 41.67399),Urbanització Miralda,349,80983,Sant Salvador de Guardiola,7,Bages,8,Barcelona,1,XEMA,2,Operativa,1996-02-02T00:00:00,630,18,NA
MQ,Cardona,A,41.92047,1.69584,Point,c(1.69584, 41.92047),Boca nord del túnel de desviament del Cardener,402,80478,Cardona,7,Bages,8,Barcelona,1,XEMA,2,Operativa,2003-01-16T00:00:00,140,18,NA
YA,Puigcerdà,A,42.44013,1.93482,Point,c(1.93482, 42.44013),Poliesportiu municipal,1213,171411,Puigcerdà,15,Cerdanya,17,Girona,1,XEMA,2,Operativa,2016-03-22T00:00:00,348,4,NA
UG,Viladecans,A,41.29928,2.03787,Point,c(2.03787, 41.29928),"Planters Gusi, ctra. antiga de València, km 14",3,83015,Viladecans,11,Baix Llobregat,8,Barcelona,1,XEMA,2,Operativa,1993-04-29T00:00:00,511,31,NA
Z3,Malniu (2.230 m),A,42.46605,1.7785,Point,c(1.7785, 42.46605),Estany de Malniu,2230,170998,Meranges,15,Cerdanya,17,Girona,1,XEMA,2,Operativa,1999-11-03T00:00:00,299,4,NA
XI,Mollerussa,A,41.61817,0.87182,Point,c(0.87182, 41.61817),-,247,251370,Mollerussa,27,Pla d'Urgell,25,Lleida,1,XEMA,2,Operativa,2010-01-20T00:00:00,543,23,NA
U8,Punta del Fangar,A,40.78653,0.74264,Point,c(0.74264, 40.78653),Punta del Fangar,0,439018,Deltebre,9,Baix Ebre,43,Tarragona,1,XEMA,1,Desmantellada,1992-04-30T00:00:00,217,40,2009-02-19T00:00:00
D9,el Vendrell,A,41.21553,1.52121,Point,c(1.52121, 41.21553),Instal·lacions esportives municipals,59,431634,El Vendrell,12,Baix Penedès,43,Tarragona,1,XEMA,2,Operativa,1999-06-11T00:00:00,456,33,NA
J5,Pantà de Darnius - Boadella,A,42.34215,2.83423,Point,c(2.83423, 42.34215),Presa del Pantà de Darnius - Boadella,158,170600,Darnius,2,Alt Empordà,17,Girona,1,XEMA,2,Operativa,1996-01-05T00:00:00,379,6,NA
W3,Ventalló,A,42.15006,3.06494,Point,c(3.06494, 42.15006),el Camp Lletget - Mare de Déu de l'Om - Montiró,4,172109,Ventalló,2,Alt Empordà,17,Girona,1,XEMA,1,Desmantellada,2000-03-14T00:00:00,311,6,2015-01-12T00:00:00
DB,el Perelló,A,40.87287,0.71581,Point,c(0.71581, 40.87287),Dipòsit d'aigua,179,431042,El Perelló,9,Baix Ebre,43,Tarragona,1,XEMA,2,Operativa,1998-02-05T00:00:00,136,40,NA
CW,l'Espluga de Francolí,A,41.39241,1.09894,Point,c(1.09894, 41.39241),Urb. Espluga Parc,446,430542,L'Espluga de Francolí,16,Conca de Barberà,43,Tarragona,1,XEMA,2,Operativa,1996-02-23T00:00:00,532,28,NA
WU,Badalona - Museu,A,41.45215,2.24757,Point,c(2.24757, 41.45215),Museu,42,80155,Badalona,13,Barcelonès,8,Barcelona,1,XEMA,2,Operativa,2005-09-21T00:00:00,531,29,NA
UI,Gisclareny,A,42.26477,1.76218,Point,c(1.76218, 42.26477),Coll de la Bena - Font del Cabrer,1386,80930,Gisclareny,14,Berguedà,8,Barcelona,1,XEMA,2,Operativa,1999-03-12T00:00:00,187,8,NA
XV,Sant Cugat del Vallès - CAR,A,41.48311,2.07956,Point,c(2.07956, 41.48311),Centre d'Alt Rendiment,158,82055,Sant Cugat del Vallès,40,Vallès Occidental,8,Barcelona,1,XEMA,2,Operativa,2013-08-08T00:00:00,937,26,NA
D8,Horta de Sant Joan,A,40.95134,0.30565,Point,c(0.30565, 40.95134),Les Forques,515,430712,Horta de Sant Joan,37,Terra Alta,43,Tarragona,1,XEMA,2,Operativa,1998-01-28T00:00:00,167,38,NA
YR,Vilanova i la Geltrú,A,41.23575,1.73148,Point,c(1.73148, 41.23575),Circuit de ciclisme,31,83073,Vilanova i la Geltrú,17,Garraf,8,Barcelona,1,XEMA,2,Operativa,2023-04-13T00:00:00,412,34,NA
DO,Castell d'Aro,A,41.80857,3.03241,Point,c(3.03241, 41.80857),Parc de Bombers,14,170486,Castell-Platja d'Aro,10,Baix Empordà,17,Girona,1,XEMA,2,Operativa,2001-05-10T00:00:00,749,16,NA
Y6,Tivissa,A,41.04343,0.74032,Point,c(0.74032, 41.04343),-,317,431508,Tivissa,30,Ribera d'Ebre,43,Tarragona,1,XEMA,2,Operativa,2015-03-26T00:00:00,156,36,NA
DQ,Vila-rodona,A,41.30728,1.36259,Point,c(1.36259, 41.30728),Nova estació,287,431704,Vila-rodona,1,Alt Camp,43,Tarragona,1,XEMA,2,Operativa,2005-07-29T00:00:00,506,30,NA
US,les Cases d'Alcanar,A,40.55786,0.52329,Point,c(0.52329, 40.55786),El Mas d'en Serra - Barranc de St. Jaume,24,430043,Alcanar,22,Montsià,43,Tarragona,1,XEMA,2,Operativa,1991-05-06T00:00:00,228,41,NA
DL,Illa de Buda,A,40.70719,0.83449,Point,c(0.83449, 40.70719),Mas de Buda,0.5,439023,Sant Jaume d'Enveja,22,Montsià,43,Tarragona,1,XEMA,2,Operativa,1999-07-14T00:00:00,222,41,NA
D1,Margalef,A,41.28521,0.75383,Point,c(0.75383, 41.28521),Dipòsit d'aigua,404,430751,Margalef,29,Priorat,43,Tarragona,1,XEMA,2,Operativa,1996-01-14T00:00:00,502,35,NA
VL,Seròs - la Creu,A,41.46014,0.40562,Point,c(0.40562, 41.46014),Crta. de Seròs a la Granja d'Escarp,100,252043,Seròs,33,Segrià,25,Lleida,1,XEMA,1,Desmantellada,1998-01-05T00:00:00,566,21,2011-12-15T00:00:00
DJ,Banyoles,A,42.11653,2.78969,Point,c(2.78969, 42.11653),Abocador comarcal de Puigpalter,176,170157,Banyoles,28,Pla de l'Estany,17,Girona,1,XEMA,2,Operativa,1999-10-11T00:00:00,57,11,NA
CZ,Ulldemolins - Zona Esportiva,A,41.3191,0.87868,Point,c(0.87868, 41.3191),Poliesportiu municipal,631,431573,Ulldemolins,29,Priorat,43,Tarragona,1,XEMA,1,Desmantellada,1996-03-04T00:00:00,668,35,2008-04-15T00:00:00
VD,el Canós,A,41.68939,1.20381,Point,c(1.20381, 41.68939),Camí de la Figuerosa,429,259118,Els Plans de Sió,32,Segarra,25,Lleida,1,XEMA,2,Operativa,1988-10-22T00:00:00,780,19,NA
ZB,Salòria (2.451 m),A,42.51939,1.36597,Point,c(1.36597, 42.51939),Salòria,2451,250175,Alins,26,Pallars Sobirà,25,Lleida,1,XEMA,2,Operativa,2004-09-30T00:00:00,317,2,NA
XR,Prades,A,41.31481,0.98161,Point,c(0.98161, 41.31481),La Comanda,926,431166,Prades,8,Baix Camp,43,Tarragona,1,XEMA,2,Operativa,2013-01-31T00:00:00,492,39,NA
CF,Lloret de Mar,A,41.72346,2.84282,Point,c(2.84282, 41.72346),Abocador municipal,63.3,170950,Lloret de Mar,34,Selva,17,Girona,1,XEMA,1,Desmantellada,1996-02-05T00:00:00,751,20,2003-06-16T00:00:00
VA,Ascó,A,41.1964,0.51101,Point,c(0.51101, 41.1964),Camí de la Serra de les Moncas,257,430192,Ascó,30,Ribera d'Ebre,43,Tarragona,1,XEMA,2,Operativa,1998-06-15T00:00:00,462,36,NA
U5,Prades - los Hortals,A,41.31349,0.99611,Point,c(0.99611, 41.31349),Finca los Hortals,969,431166,Prades,8,Baix Camp,43,Tarragona,1,XEMA,1,Desmantellada,1995-12-12T00:00:00,492,39,2013-01-31T00:00:00
YE,Massoteres,A,41.79409,1.305756,Point,c(1.305756, 41.79409),la Creu de Massoteres,513,251327,Massoteres,32,Segarra,25,Lleida,1,XEMA,2,Operativa,2017-05-17T00:00:00,688,19,NA
MR,Pantà de Siurana,A,41.25079,0.9106,Point,c(0.9106, 41.25079),Pantà de Siurana - Xalet del Pantà,500,430496,Cornudella de Montsant,29,Priorat,43,Tarragona,1,XEMA,2,Operativa,2010-11-08T00:00:00,508,35,NA
V8,el Poal,A,41.67279,0.87741,Point,c(0.87741, 41.67279),"Finca el Molinet, c. Afores, s/n",223,251689,El Poal,27,Pla d'Urgell,25,Lleida,1,XEMA,2,Operativa,1989-09-14T00:00:00,731,23,NA
V9,Miralcamp,A,41.61333,0.87608,Point,c(0.87608, 41.61333),Partida la Boletera,256,251351,Miralcamp,27,Pla d'Urgell,25,Lleida,1,XEMA,1,Desmantellada,1997-09-26T00:00:00,545,23,2010-02-01T00:00:00
CA,Clariana de Cardener,A,41.95378,1.5851,Point,c(1.5851, 41.95378),Abocador comarcal,693,250753,Clariana de Cardener,35,Solsonès,25,Lleida,1,XEMA,1,Desmantellada,1996-05-02T00:00:00,16,12,2012-07-10T00:00:00
XN,Seròs,A,41.46379,0.42765,Point,c(0.42765, 41.46379),EDAR Aitona-Seròs,89,252043,Seròs,33,Segrià,25,Lleida,1,XEMA,2,Operativa,2011-12-15T00:00:00,566,21,NA
WS,Viladrau,A,41.84008,2.41877,Point,c(2.41877, 41.84008),Mas Vilarmau,953,172207,Viladrau,24,Osona,17,Girona,1,XEMA,2,Operativa,2005-03-17T00:00:00,652,13,NA
CC,Orís,A,42.07398,2.20862,Point,c(2.20862, 42.07398),Abocador comarcal,626,81509,Orís,24,Osona,8,Barcelona,1,XEMA,2,Operativa,1995-11-15T00:00:00,100,13,NA
DK,Torredembarra,A,41.14677,1.41846,Point,c(1.41846, 41.14677),Aiguamolls els Muntanyans,2,431536,Torredembarra,36,Tarragonès,43,Tarragona,1,XEMA,2,Operativa,1999-11-24T00:00:00,519,37,NA
UM,la Granadella,A,41.35991,0.66789,Point,c(0.66789, 41.35991),Horts de la Vall Major,505,251018,La Granadella,18,Garrigues,25,Lleida,1,XEMA,2,Operativa,1992-01-30T00:00:00,782,27,NA
Z2,Boí (2.535 m),A,42.46602,0.88405,Point,c(0.88405, 42.46602),Vall de Boí,2535,250432,La Vall de Boí,5,Alta Ribagorça,25,Lleida,1,XEMA,2,Operativa,1998-11-13T00:00:00,321,3,NA
U7,Aldover,A,40.85936,0.50525,Point,c(0.50525, 40.85936),Granges de Fabra,52,430069,Aldover,9,Baix Ebre,43,Tarragona,1,XEMA,2,Operativa,1994-12-31T00:00:00,209,40,NA
Y4,Alinyà,A,42.17426,1.42775,Point,c(1.42775, 42.17426),Tossal de Salamó,1162,259084,Fígols i Alinyà,4,Alt Urgell,25,Lleida,1,XEMA,2,Operativa,2014-07-01T00:00:00,269,5,NA
